Designator,Footprint,Quantity,Value,LCSC Part #
"C10, C2, C23, C24, C4, C8, C9",0805,7,10u,
"C11, C13, C28, C29, C3, C5",0805,6,100n,
C25,CP_Elec_10x10.5,1,1000u/16V,
C26,CP_Elec_6.3x7.7,1,100u/25V,
"C27, C30",0805,2,1u,
"C6, C7",0805,2,47p,
D1,0805,1,LED_RX,
D2,0805,1,LED_TX,
D3,0805,1,LED_33V,
D4,0805,1,LED_5V,
F1,FUSE_3557-2,1,3A,
"H1, H2, H4, H5",MountingHole_3.2mm_M3_Pad_Via,4,_,
J1,USB_C_Receptacle_GCT_USB4085,1,USB_C_Receptacle_USB2.0,
"J2, J3, J4, J5",PinSocket_1x04_P2.54mm_Vertical,4,WSLED0,
"Q1, Q2",SOT-23,2,MMBT2222ALT1G,
"R1, R10, R11, R12, R13, R14, R4",0805,7,10K,
"R15, R16, R35",0805,3,270,
R17,0805,1,470,
"R2, R3",0805,2,5.1K,
R36,0805,1,560,
"R5, R6, R7",0805,3,33,
R8,0805,1,22k1,
R9,0805,1,47k5,
SW1,JST_PH_B3B-PH-K_1x03_P2.00mm_Vertical,1,SW_SPDT,
TP3,TestPoint_Pad_D1.0mm,1,RX,
TP4,TestPoint_Pad_D1.0mm,1,TX,
U1,ESP32-WROOM-32,1,ESP32-WROOM-32,
U2,QFN-24-1EP_4x4mm_P0.5mm_EP2.6x2.6mm,1,CP2102N-A01-GQFN24,
U3,SOT-23-6,1,SN74LVC1T45DBV,
U4,SOT-223-3_TabPin2,1,NCP1117-3.3_SOT223,
